BU_CODE,pop,hh,p_hh_low_income,p_hh_lowest_20,p_hh_highest_40,cars_per_hh,nr_w_migr,nr_nw_migr,avg_inc_per_res,area_total,area_land,pop_density,house_price,nr_hh_low_income,1-nr_hh_low_income,nr_hh_lowest_20,nr_hh_highest_40,p_w_migr,p_nw_migr
BU03630000,1035,755,0.154,0.5529999999999999,0.11800000000000001,0.2,340,175,,0.08,0.06,17048.0,401,116.27,638.73,417.51499999999993,89.09,,0.16908212560386474
BU03630001,705,505,0.174,0.612,0.11800000000000001,0.2,250,110,,0.09,0.09,7989.0,419,87.86999999999999,417.13,309.06,59.59,,0.15602836879432624
BU03630002,1570,1105,0.152,0.594,0.11599999999999999,0.2,515,295,,0.07,0.06,25257.0,436,167.96,937.04,656.37,128.17999999999998,,0.18789808917197454
BU03630003,350,235,0.10300000000000001,0.473,0.204,0.4,125,35,,0.06,0.05,6584.0,577,24.205000000000002,210.795,111.155,47.94,,0.1
BU03630004,625,435,0.162,0.5820000000000001,0.14400000000000002,0.3,175,100,,0.1,0.08,7428.0,532,70.47,364.53,253.17000000000004,62.64000000000001,,0.16
BU03630100,0,0,,,,,5,0,,0.26,0.14,,,,,,,,
BU03630101,600,435,0.13,0.539,0.13699999999999998,0.3,235,100,,0.06,0.06,10874.0,416,56.550000000000004,378.45,234.465,59.59499999999999,,0.16666666666666666
BU03630102,465,335,0.14300000000000002,0.621,0.13699999999999998,0.2,185,100,,0.07,0.06,8443.0,401,47.90500000000001,287.09499999999997,208.035,45.894999999999996,,0.21505376344086022
BU03630103,805,560,0.134,0.539,0.14300000000000002,0.3,315,125,,0.06,0.05,16036.0,464,75.04,484.96,301.84000000000003,80.08000000000001,,0.15527950310559005
BU03630104,825,550,0.11199999999999999,0.516,0.145,0.3,315,140,,0.08,0.08,9797.0,419,61.599999999999994,488.4,283.8,79.75,,0.1696969696969697
BU03630105,730,520,0.141,0.5720000000000001,0.145,0.2,280,110,,0.07,0.06,12269.0,521,73.32,446.68,297.44000000000005,75.39999999999999,,0.1506849315068493
BU03630106,420,315,0.099,0.613,0.10300000000000001,0.2,130,75,,0.07,0.07,6004.0,413,31.185000000000002,283.815,193.095,32.445,,0.17857142857142858
BU03630107,265,185,0.06,0.449,0.205,0.2,110,35,,0.06,0.05,5052.0,551,11.1,173.9,83.065,37.925,,0.1320754716981132
BU03630200,1840,1160,0.075,0.379,0.314,0.5,565,155,,0.12,0.1,18959.0,777,87.0,1073.0,439.64,364.24,,0.08423913043478261
BU03630201,1810,1160,0.08,0.37799999999999995,0.336,0.5,645,230,,0.17,0.14,13306.0,837,92.8,1067.2,438.47999999999996,389.76000000000005,,0.1270718232044199
BU03630202,2035,1330,0.092,0.409,0.303,0.5,690,215,,0.2,0.16,12634.0,764,122.36,1207.64,543.9699999999999,402.99,,0.10565110565110565
BU03630203,685,445,0.083,0.389,0.342,0.5,210,85,,0.07,0.05,12828.0,919,36.935,408.065,173.10500000000002,152.19,,0.12408759124087591
BU03630300,810,500,0.08900000000000001,0.361,0.349,0.5,300,130,,0.09,0.08,10210.0,777,44.50000000000001,455.5,180.5,174.5,,0.16049382716049382
BU03630301,130,80,,,,1.0,40,10,,0.06,0.05,2853.0,937,,,,,,0.07692307692307693
BU03630302,1425,870,0.07200000000000001,0.387,0.293,0.5,420,125,,0.15,0.13,10995.0,896,62.64000000000001,807.36,336.69,254.91,,0.08771929824561403
BU03630303,1505,915,0.092,0.39899999999999997,0.299,0.5,415,165,,0.15,0.11,13617.0,826,84.17999999999999,830.82,365.085,273.585,,0.10963455149501661
BU03630304,475,350,0.092,0.507,0.182,0.3,180,100,,0.08,0.06,8180.0,539,32.2,317.8,177.45,63.699999999999996,,0.21052631578947367
BU03630305,380,275,0.136,0.573,0.13,0.2,150,105,,0.05,0.04,9386.0,478,37.400000000000006,237.6,157.575,35.75,,0.27631578947368424
BU03630306,645,405,0.07400000000000001,0.401,0.306,0.5,225,65,,0.07,0.05,11910.0,781,29.970000000000002,375.03,162.405,123.92999999999999,,0.10077519379844961
BU03630400,470,280,0.07200000000000001,0.316,0.35,,125,115,,0.24,0.12,3794.0,605,20.160000000000004,259.84,88.48,98.0,,0.24468085106382978
BU03630401,730,470,0.087,0.447,0.217,0.3,220,55,,0.11,0.05,13737.0,662,40.89,429.11,210.09,101.99,,0.07534246575342465
BU03630402,985,625,0.115,0.506,0.2,0.3,340,175,,0.17,0.09,10767.0,448,71.875,553.125,316.25,125.0,,0.17766497461928935
BU03630403,1065,695,0.12,0.522,0.17800000000000002,0.3,280,110,,0.08,0.05,20286.0,466,83.39999999999999,611.6,362.79,123.71000000000001,,0.10328638497652583
BU03630404,1630,1065,0.171,0.64,0.11199999999999999,0.2,400,235,,0.07,0.06,27429.0,427,182.115,882.885,681.6,119.27999999999999,,0.1441717791411043
BU03630405,1175,795,0.12300000000000001,0.47100000000000003,0.207,0.3,305,240,,0.11,0.08,14642.0,461,97.78500000000001,697.215,374.44500000000005,164.565,,0.20425531914893616
BU03630406,1210,820,0.07200000000000001,0.494,0.175,0.3,365,180,,0.07,0.07,17853.0,521,59.040000000000006,760.96,405.08,143.5,,0.1487603305785124
BU03630407,1510,1065,0.15,0.578,0.14800000000000002,0.3,390,215,,0.09,0.07,22212.0,530,159.75,905.25,615.5699999999999,157.62000000000003,,0.1423841059602649
BU03630408,875,605,0.133,0.54,0.132,0.3,240,140,,0.13,0.11,7792.0,474,80.465,524.535,326.70000000000005,79.86,,0.16
BU03630500,1915,1010,0.086,0.317,0.34299999999999997,1.8,420,470,,0.34,0.16,11913.0,629,86.86,923.14,320.17,346.42999999999995,,0.2454308093994778
BU03630501,1510,1015,0.11800000000000001,0.5429999999999999,0.16899999999999998,0.3,400,220,,0.1,0.09,16221.0,491,119.77000000000001,895.23,551.145,171.535,,0.1456953642384106
BU03630502,2480,1510,0.13,0.522,0.165,0.3,625,470,,0.12,0.11,22665.0,458,196.3,1313.7,788.22,249.15,,0.18951612903225806
BU03630503,2905,1800,0.132,0.488,0.19899999999999998,0.4,725,420,36.6,0.22,0.15,19056.0,493,237.60000000000002,1562.4,878.4,358.2,,0.14457831325301204
BU03630505,335,255,0.172,0.6409999999999999,0.065,0.2,105,55,,0.02,0.02,18471.0,319,43.86,211.14,163.45499999999998,16.575,,0.16417910447761194
BU03630506,155,115,0.336,0.7909999999999999,0.052000000000000005,0.2,30,35,,0.02,0.01,12157.0,320,38.64,76.36,90.96499999999999,5.98,,0.22580645161290322
BU03630600,2720,1855,0.15,0.55,0.154,0.3,730,355,35.9,0.11,0.1,27663.0,386,278.25,1576.75,1020.2500000000001,285.67,,0.13051470588235295
BU03630602,2925,1870,0.106,0.48,0.207,0.3,830,355,42.1,0.13,0.11,25763.0,493,198.22,1671.78,897.6,387.09,,0.12136752136752137
BU03630603,1465,945,0.154,0.597,0.127,0.3,340,315,,0.07,0.06,26525.0,351,145.53,799.47,564.165,120.015,,0.2150170648464164
BU03630604,935,750,0.19,0.7120000000000001,0.066,0.2,260,225,,0.04,0.04,26727.0,279,142.5,607.5,534.0000000000001,49.5,,0.24064171122994651
BU03630605,190,115,0.155,0.423,0.198,0.3,55,35,,0.02,0.02,12567.0,459,17.825,97.175,48.644999999999996,22.77,,0.18421052631578946
BU03630606,4325,2890,0.135,0.546,0.16899999999999998,0.3,1225,625,39.8,0.21,0.19,22924.0,441,390.15000000000003,2499.85,1577.94,488.40999999999997,,0.14450867052023122
BU03630607,860,605,0.14,0.503,0.182,0.3,245,110,,0.05,0.05,18887.0,568,84.7,520.3,304.315,110.11,,0.12790697674418605
BU03630608,240,160,0.068,0.478,0.191,0.2,75,40,,0.05,0.04,6712.0,412,10.88,149.12,76.47999999999999,30.560000000000002,,0.16666666666666666
BU03630609,685,510,0.12300000000000001,0.574,0.10800000000000001,0.2,190,105,,0.05,0.04,16670.0,386,62.730000000000004,447.27,292.73999999999995,55.080000000000005,,0.15328467153284672
BU03630610,2100,1315,0.11800000000000001,0.503,0.201,0.4,535,210,,0.1,0.09,22183.0,480,155.17000000000002,1159.83,661.445,264.315,,0.1
BU03630611,2950,1960,0.146,0.545,0.156,0.3,750,375,,0.12,0.11,26716.0,434,286.15999999999997,1673.8400000000001,1068.2,305.76,,0.1271186440677966
BU03630700,255,195,0.075,0.478,0.145,0.2,90,45,,0.03,0.03,10318.0,410,14.625,180.375,93.21,28.275,,0.17647058823529413
BU03630701,145,95,,,,0.3,60,30,,0.03,0.03,5377.0,474,,,,,,0.20689655172413793
BU03630702,990,720,0.111,0.5660000000000001,0.13699999999999998,0.3,325,175,,0.06,0.05,18383.0,481,79.92,640.08,407.52000000000004,98.63999999999999,,0.17676767676767677
BU03630703,305,200,0.095,0.5429999999999999,0.23399999999999999,0.3,90,50,,0.05,0.04,7089.0,572,19.0,181.0,108.59999999999998,46.8,,0.16393442622950818
BU03630704,2420,1510,0.1,0.415,0.233,0.3,740,270,,0.14,0.12,20374.0,542,151.0,1359.0,626.65,351.83000000000004,,0.1115702479338843
BU03630705,1060,610,0.09699999999999999,0.40399999999999997,0.306,0.4,295,120,,0.11,0.1,11161.0,734,59.169999999999995,550.83,246.43999999999997,186.66,,0.11320754716981132
BU03630706,1155,750,0.109,0.43799999999999994,0.247,0.4,330,110,,0.07,0.06,20348.0,598,81.75,668.25,328.49999999999994,185.25,,0.09523809523809523
BU03630707,915,550,0.079,0.33799999999999997,0.342,0.7,265,105,,0.16,0.14,6739.0,677,43.45,506.55,185.89999999999998,188.10000000000002,,0.11475409836065574
BU03630800,3325,2020,0.12,0.523,0.2,0.5,895,595,41.4,0.28,0.21,15698.0,515,242.39999999999998,1777.6,1056.46,404.0,,0.17894736842105263
BU03630801,2150,1220,0.121,0.491,0.212,0.4,565,435,,0.21,0.18,11794.0,490,147.62,1072.38,599.02,258.64,,0.20232558139534884
BU03630803,1850,1095,0.079,0.369,0.29,0.5,490,240,,0.38,0.34,5419.0,594,86.505,1008.495,404.055,317.54999999999995,,0.12972972972972974
BU03630804,405,245,0.09,0.43200000000000005,0.21600000000000003,0.3,105,55,,0.05,0.04,10184.0,484,22.05,222.95,105.84000000000002,52.92000000000001,,0.13580246913580246
BU03630900,80,35,,,,,10,15,,0.27,0.17,497.0,,,,,,,0.1875
BU03630901,1710,1060,0.11199999999999999,0.643,0.11699999999999999,0.4,335,375,,0.12,0.09,19153.0,388,118.71999999999998,941.28,681.58,124.02,,0.21929824561403508
BU03630902,2190,1335,0.126,0.53,0.135,0.4,415,660,,0.18,0.12,17628.0,379,168.21,1166.79,707.5500000000001,180.22500000000002,,0.3013698630136986
BU03630903,1725,980,0.163,0.514,0.159,0.4,320,585,,0.25,0.2,8552.0,367,159.74,820.26,503.72,155.82,,0.3391304347826087
BU03630904,2385,1480,0.17,0.589,0.145,0.3,525,685,,0.11,0.1,22944.0,313,251.60000000000002,1228.4,871.7199999999999,214.6,,0.28721174004192873
BU03630905,1375,670,0.076,0.318,0.387,0.5,355,285,,0.09,0.07,18650.0,557,50.92,619.08,213.06,259.29,,0.20727272727272728
BU03630907,960,610,0.166,0.523,0.142,0.4,200,190,,0.07,0.05,17562.0,434,101.26,508.74,319.03000000000003,86.61999999999999,,0.19791666666666666
BU03630908,2810,1760,0.127,0.49200000000000005,0.19,0.5,640,400,36.8,0.22,0.17,16542.0,457,223.52,1536.48,865.9200000000001,334.4,,0.1423487544483986
BU03631000,30,15,,,,,10,10,,3.02,1.44,21.0,,,,,,,0.3333333333333333
BU03631001,5,5,,,,,5,5,,0.41,0.41,,,,,,,,1.0
BU03631002,0,0,,,,,0,0,,3.22,1.94,,,,,,,,
BU03631003,25,10,,,,,5,5,,5.7,3.85,7.0,,,,,,,0.2
BU03631004,5,5,,,,,5,0,,0.7,0.7,,,,,,,,0.0
BU03631005,80,75,,,,2.1,35,10,,10.12,7.02,12.0,,,,,,,0.125
BU03631006,5,0,,,,,0,0,,5.36,4.31,,,,,,,,0.0
BU03631007,10,5,,,,,5,5,,0.47,0.42,26.0,,,,,,,0.5
BU03631100,25,10,,,,,15,10,,0.46,0.46,58.0,,,,,,,0.4
BU03631102,0,0,,,,,0,0,,0.8,0.78,,,,,,,,
BU03631103,80,60,,,,,20,40,,2.11,2.08,39.0,,,,,,,0.5
BU03631104,20,10,,,,,5,0,,1.13,1.0,23.0,,,,,,,0.0
BU03631105,730,650,0.162,0.79,0.017,1.4,350,230,,0.86,0.85,859.0,,105.3,544.7,513.5,11.05,,0.3150684931506849
BU03631107,0,0,,,,,0,0,,0.84,0.78,,,,,,,,
BU03631109,0,0,,,,,0,0,,1.49,1.25,,,,,,,,
BU03631200,1735,860,0.066,0.21600000000000003,0.45799999999999996,0.5,370,235,,0.66,0.3,5700.0,515,56.760000000000005,803.24,185.76000000000002,393.88,,0.13544668587896252
BU03631201,655,405,0.11699999999999999,0.368,0.271,0.5,165,75,,0.26,0.02,28420.0,538,47.385,357.615,149.04,109.75500000000001,,0.11450381679389313
BU03631300,2080,1090,0.139,0.49700000000000005,0.156,0.4,415,720,,0.1,0.09,22739.0,366,151.51000000000002,938.49,541.73,170.04,,0.34615384615384615
BU03631301,2755,1690,0.218,0.627,0.10099999999999999,0.3,455,1000,25.9,0.11,0.1,27622.0,337,368.42,1321.58,1059.63,170.69,,0.3629764065335753
BU03631302,1010,610,0.151,0.5529999999999999,0.146,0.4,205,270,,0.06,0.05,20653.0,329,92.11,517.89,337.33,89.05999999999999,,0.26732673267326734
BU03631303,1670,930,0.14400000000000002,0.561,0.14300000000000002,0.3,340,400,,0.08,0.08,22078.0,316,133.92000000000002,796.0799999999999,521.73,132.99,,0.23952095808383234
BU03631304,1295,765,0.158,0.562,0.111,0.4,235,390,,0.06,0.06,22653.0,344,120.87,644.13,429.93000000000006,84.915,,0.30115830115830117
BU03631305,1950,1095,0.177,0.56,0.132,0.4,335,690,,0.12,0.12,16388.0,365,193.815,901.185,613.2,144.54000000000002,,0.35384615384615387
BU03631306,0,0,,,,,0,0,,0.26,0.24,,,,,,,,
BU03631307,5,5,,,,,5,5,,0.63,0.63,,,,,,,,1.0
BU03631400,1380,830,0.135,0.534,0.17800000000000002,0.3,285,350,,0.07,0.06,21709.0,390,112.05000000000001,717.95,443.22,147.74,,0.2536231884057971
BU03631401,885,555,0.18899999999999997,0.614,0.109,0.3,180,240,,0.05,0.04,24902.0,353,104.89499999999998,450.105,340.77,60.495,,0.2711864406779661
BU03631402,1205,755,0.168,0.635,0.099,0.3,220,420,,0.07,0.06,20480.0,321,126.84,628.16,479.425,74.745,,0.34854771784232363
BU03631403,3720,2320,0.165,0.529,0.131,0.3,925,990,31.3,0.11,0.1,35855.0,321,382.8,1937.2,1227.28,303.92,,0.2661290322580645
BU03631404,2875,1795,0.139,0.48100000000000004,0.154,0.3,750,660,32.9,0.1,0.1,29234.0,330,249.50500000000002,1545.495,863.3950000000001,276.43,,0.22956521739130434
BU03631405,3090,1710,0.105,0.41100000000000003,0.23600000000000002,0.4,680,690,36.6,0.13,0.11,27380.0,433,179.54999999999998,1530.45,702.8100000000001,403.56,,0.22330097087378642
BU03631500,1345,615,0.083,0.33,0.26,0.3,250,320,,0.07,0.06,21142.0,459,51.045,563.955,202.95000000000002,159.9,,0.2379182156133829
BU03631501,10,5,,,,,5,0,,0.28,0.26,43.0,,,,,,,0.0
BU03631502,70,30,,,,,10,5,,0.15,0.14,505.0,,,,,,,0.07142857142857142
BU03631503,1050,620,0.12300000000000001,0.527,0.157,0.4,220,330,,0.07,0.06,18082.0,372,76.26,543.74,326.74,97.34,,0.3142857142857143
BU03631600,3845,2380,0.135,0.528,0.165,0.3,960,755,34.2,0.21,0.18,21019.0,368,321.3,2058.7,1256.64,392.70000000000005,,0.19635890767230169
BU03631601,3250,2075,0.162,0.525,0.158,0.3,750,795,36.2,0.12,0.11,28727.0,347,336.15000000000003,1738.85,1089.375,327.85,,0.24461538461538462
BU03631602,1210,685,0.107,0.452,0.191,0.4,235,245,,0.08,0.06,19427.0,431,73.295,611.705,309.62,130.835,,0.2024793388429752
BU03631700,4640,2890,0.10400000000000001,0.475,0.21,0.4,1215,745,38.8,0.26,0.22,21352.0,446,300.56,2589.44,1372.75,606.9,,0.16056034482758622
BU03631800,2725,1485,0.133,0.521,0.177,0.3,530,705,,0.11,0.1,28411.0,410,197.50500000000002,1287.495,773.6850000000001,262.84499999999997,,0.25871559633027524
BU03631801,3795,2380,0.127,0.48700000000000004,0.177,0.3,945,840,37.8,0.16,0.16,24318.0,362,302.26,2077.74,1159.0600000000002,421.26,,0.22134387351778656
BU03631900,2250,1515,0.13,0.519,0.156,0.3,630,420,,0.09,0.07,30952.0,379,196.95000000000002,1318.05,786.2850000000001,236.34,,0.18666666666666668
BU03631901,2875,1765,0.192,0.644,0.08199999999999999,0.3,480,1235,24.9,0.12,0.11,25393.0,331,338.88,1426.12,1136.66,144.73,,0.4295652173913043
BU03631902,1895,1225,0.161,0.551,0.133,0.3,430,525,,0.07,0.06,29872.0,340,197.225,1027.775,674.975,162.925,,0.2770448548812665
BU03632000,2635,1565,0.067,0.409,0.263,0.4,745,300,45.7,0.11,0.1,25421.0,588,104.855,1460.145,640.0849999999999,411.595,,0.11385199240986717
BU03632001,2515,1605,0.159,0.5379999999999999,0.192,0.4,610,415,,0.17,0.16,15347.0,532,255.195,1349.805,863.4899999999999,308.16,,0.16500994035785288
BU03632002,2305,1410,0.102,0.423,0.233,0.3,635,310,,0.07,0.07,34263.0,444,143.82,1266.18,596.43,328.53000000000003,,0.13449023861171366
BU03632100,5710,3555,0.102,0.442,0.22899999999999998,0.3,1605,835,41.4,0.21,0.2,29019.0,415,362.60999999999996,3192.39,1571.31,814.0949999999999,,0.14623467600700527
BU03632101,2205,1270,0.07400000000000001,0.446,0.268,0.4,555,280,,0.1,0.1,21786.0,533,93.98000000000002,1176.02,566.42,340.36,,0.12698412698412698
BU03632200,935,545,0.087,0.39799999999999996,0.325,0.5,315,135,,0.13,0.13,7444.0,1006,47.415,497.585,216.90999999999997,177.125,,0.1443850267379679
BU03632201,900,475,0.107,0.47600000000000003,0.272,0.5,220,150,,0.09,0.09,9913.0,831,50.824999999999996,424.175,226.10000000000002,129.20000000000002,,0.16666666666666666
BU03632300,480,305,0.004,0.271,0.368,1.0,125,170,,0.83,0.8,602.0,558,1.22,303.78,82.655,112.24,,0.3541666666666667
BU03632301,0,0,,,,,0,0,,0.37,0.36,,,,,,,,
BU03632302,160,125,,,,0.2,45,85,,0.46,0.45,357.0,,,,,,,0.53125
BU03632303,2240,1370,0.028999999999999998,0.355,0.32799999999999996,1.8,655,890,,0.22,0.22,10337.0,651,39.73,1330.27,486.34999999999997,449.35999999999996,,0.39732142857142855
BU03632304,960,845,0.139,0.8740000000000001,0.062,0.2,260,290,,0.29,0.29,3315.0,638,117.45500000000001,727.545,738.5300000000001,52.39,,0.3020833333333333
BU03632400,2540,1590,0.106,0.46299999999999997,0.23399999999999999,0.4,655,365,,0.14,0.12,21713.0,493,168.54,1421.46,736.17,372.06,,0.1437007874015748
BU03632401,1995,1325,0.157,0.562,0.158,0.2,560,465,,0.11,0.1,20156.0,431,208.025,1116.975,744.6500000000001,209.35,,0.23308270676691728
BU03632402,2600,1735,0.121,0.479,0.19,0.3,780,460,41.0,0.12,0.11,23235.0,453,209.935,1525.065,831.0649999999999,329.65,,0.17692307692307693
BU03632403,2585,1750,0.155,0.5770000000000001,0.133,0.3,660,620,34.1,0.08,0.08,32381.0,367,271.25,1478.75,1009.7500000000001,232.75,,0.23984526112185686
BU03632404,5030,3385,0.122,0.535,0.165,0.3,1385,935,37.6,0.23,0.23,22179.0,402,412.96999999999997,2972.03,1810.9750000000001,558.525,,0.18588469184890655
BU03632500,2615,1800,0.149,0.605,0.14800000000000002,0.3,595,580,34.2,0.12,0.11,24450.0,377,268.2,1531.8,1089.0,266.40000000000003,,0.22179732313575526
BU03632501,3805,2425,0.127,0.48100000000000004,0.201,0.4,1015,750,38.9,0.14,0.14,27922.0,413,307.975,2117.025,1166.4250000000002,487.425,,0.19710906701708278
BU03632502,2435,1430,0.141,0.523,0.16,0.3,580,640,,0.13,0.12,19679.0,393,201.62999999999997,1228.3700000000001,747.89,228.8,,0.26283367556468173
BU03632503,3515,2220,0.11,0.512,0.18100000000000002,0.3,855,695,36.2,0.16,0.15,23994.0,395,244.2,1975.8,1136.64,401.82000000000005,,0.19772403982930298
BU03632600,3140,1815,0.19899999999999998,0.626,0.109,0.3,600,1145,25.1,0.17,0.14,22788.0,374,361.18499999999995,1453.815,1136.19,197.835,,0.3646496815286624
BU03632601,2805,1670,0.172,0.602,0.10400000000000001,0.3,540,925,27.4,0.12,0.12,23920.0,373,287.23999999999995,1382.76,1005.3399999999999,173.68,,0.32976827094474154
BU03632602,2250,1370,0.171,0.627,0.1,0.3,425,760,,0.1,0.1,23035.0,382,234.27,1135.73,858.99,137.0,,0.3377777777777778
BU03632700,2005,1205,0.083,0.41600000000000004,0.27899999999999997,0.3,490,260,,0.14,0.12,17311.0,487,100.015,1104.985,501.28000000000003,336.19499999999994,,0.12967581047381546
BU03632701,3300,1965,0.094,0.40299999999999997,0.249,0.4,725,635,40.6,0.24,0.18,17906.0,476,184.71,1780.29,791.895,489.285,,0.19242424242424241
BU03632702,520,430,0.268,0.812,0.024,0.1,210,230,,0.07,0.07,7523.0,338,115.24000000000001,314.76,349.16,10.32,,0.4423076923076923
BU03632800,3860,2440,0.152,0.575,0.132,0.3,760,1255,31.0,0.22,0.21,18141.0,368,370.88,2069.12,1403.0,322.08000000000004,,0.32512953367875647
BU03632801,120,100,,,,0.3,30,25,,0.25,0.23,540.0,272,,,,,,0.20833333333333334
BU03632802,3775,2135,0.14300000000000002,0.516,0.201,0.4,780,1065,32.6,0.16,0.16,23936.0,429,305.305,1829.695,1101.66,429.13500000000005,,0.28211920529801326
BU03632803,3090,1810,0.21600000000000003,0.5820000000000001,0.129,0.3,475,1435,27.4,0.12,0.12,25353.0,373,390.96000000000004,1419.04,1053.42,233.49,,0.46440129449838186
BU03632900,4340,2520,0.155,0.5710000000000001,0.129,0.3,750,1700,27.6,0.21,0.2,22032.0,364,390.6,2129.4,1438.92,325.08,,0.391705069124424
BU03632901,3815,2305,0.17300000000000001,0.612,0.128,0.3,620,1475,28.0,0.17,0.17,21903.0,373,398.76500000000004,1906.235,1410.66,295.04,,0.38663171690694625
BU03632902,2025,1025,0.133,0.466,0.248,0.4,340,595,,0.23,0.22,9106.0,443,136.32500000000002,888.675,477.65000000000003,254.2,,0.2938271604938272
BU03633000,4150,2315,0.193,0.575,0.13,0.3,615,1835,25.7,0.18,0.18,23676.0,337,446.795,1868.205,1331.125,300.95,,0.44216867469879517
BU03633001,5100,2705,0.17600000000000002,0.556,0.141,0.3,760,2245,25.9,0.2,0.19,26321.0,380,476.08000000000004,2228.92,1503.9800000000002,381.405,,0.44019607843137254
BU03633100,3870,2320,0.139,0.512,0.153,0.3,860,1235,30.8,0.18,0.17,23453.0,340,322.48,1997.52,1187.84,354.96,,0.31912144702842377
BU03633101,4650,2680,0.166,0.542,0.138,0.3,840,1865,27.3,0.15,0.15,31931.0,344,444.88,2235.12,1452.5600000000002,369.84000000000003,,0.4010752688172043
BU03633102,4100,2060,0.20199999999999999,0.5870000000000001,0.08900000000000001,0.4,500,2585,22.0,0.16,0.16,25996.0,326,416.11999999999995,1643.88,1209.2200000000003,183.34000000000003,,0.6304878048780488
BU03633200,5975,3210,0.201,0.622,0.08900000000000001,0.3,785,3110,22.7,0.27,0.26,23302.0,329,645.21,2564.79,1996.62,285.69000000000005,,0.5205020920502093
BU03633201,3605,1825,0.188,0.555,0.106,0.4,495,2055,22.3,0.14,0.14,26086.0,344,343.1,1481.9,1012.8750000000001,193.45,,0.5700416088765603
BU03633202,450,210,0.049,0.29100000000000004,0.315,0.6,70,120,,0.13,0.09,5198.0,491,10.290000000000001,199.71,61.11000000000001,66.15,,0.26666666666666666
BU03633203,15,10,,,,,5,0,,0.76,0.46,37.0,,,,,,,0.0
BU03633300,1470,770,0.07200000000000001,0.27,0.377,0.6,385,445,,0.36,0.23,6451.0,513,55.440000000000005,714.56,207.9,290.29,,0.30272108843537415
BU03633301,2495,1270,0.08,0.33899999999999997,0.317,0.5,480,705,,0.34,0.27,9356.0,460,101.60000000000001,1168.4,430.53,402.59000000000003,,0.28256513026052105
BU03633302,3085,1620,0.061,0.278,0.32,0.5,580,455,42.8,0.71,0.17,18238.0,537,98.82,1521.18,450.36,518.4,,0.14748784440842788
BU03633303,2380,1370,0.094,0.35,0.26,0.6,480,425,,1.04,0.13,18810.0,432,128.78,1241.22,479.49999999999994,356.2,,0.17857142857142858
BU03633304,2740,1110,0.057,0.21899999999999997,0.442,0.7,520,390,38.1,0.36,0.16,17638.0,583,63.27,1046.73,243.08999999999997,490.62,,0.14233576642335766
BU03633305,2835,1195,0.085,0.278,0.38799999999999996,0.6,475,505,36.0,0.27,0.12,23926.0,574,101.575,1093.425,332.21000000000004,463.65999999999997,,0.1781305114638448
BU03633306,1435,785,0.131,0.45,0.165,0.5,285,540,,0.13,0.11,13176.0,387,102.83500000000001,682.165,353.25,129.525,,0.37630662020905925
BU03633307,1740,1030,0.113,0.405,0.192,0.5,325,550,,0.14,0.1,17299.0,364,116.39,913.61,417.15000000000003,197.76,,0.3160919540229885
BU03633308,35,20,,,,,5,5,,0.05,0.04,826.0,,,,,,,0.14285714285714285
BU03633309,455,270,0.138,0.374,0.264,0.5,85,115,,0.31,0.17,2624.0,,37.260000000000005,232.74,100.98,71.28,,0.25274725274725274
BU03633310,155,90,,,,0.9,35,10,,0.1,0.05,3090.0,,,,,,,0.06451612903225806
BU03633400,20,15,,,,,5,0,,0.38,0.35,68.0,,,,,,,0.0
BU03633402,490,455,,0.972,0.006,0.1,135,135,,0.23,0.23,2182.0,152,,,442.26,2.73,,0.2755102040816326
BU03633403,300,245,,0.9079999999999999,0.025,0.3,60,20,,0.22,0.17,1790.0,,,,222.45999999999998,6.125,,0.06666666666666667
BU03633404,70,30,,,,,10,5,,1.9,1.2,61.0,,,,,,,0.07142857142857142
BU03633405,2760,1695,0.091,0.48100000000000004,0.171,0.4,645,835,32.6,0.29,0.29,9582.0,271,154.245,1540.755,815.2950000000001,289.845,,0.302536231884058
BU03633406,0,0,,,,,0,0,,0.24,0.24,,,,,,,,
BU03633500,1540,660,0.087,0.31,0.324,0.7,300,565,,0.22,0.14,10639.0,369,57.419999999999995,602.58,204.6,213.84,,0.36688311688311687
BU03633501,2660,925,0.075,0.271,0.40399999999999997,0.8,335,825,31.7,0.23,0.23,11808.0,523,69.375,855.625,250.675,373.7,,0.3101503759398496
BU03633502,2820,980,0.034,0.139,0.569,0.9,480,595,42.4,0.3,0.27,10388.0,664,33.32,946.68,136.22,557.62,,0.21099290780141844
BU03633504,2835,1410,0.131,0.42100000000000004,0.231,0.5,555,1090,31.6,0.18,0.17,16707.0,385,184.71,1225.29,593.61,325.71000000000004,,0.3844797178130511
BU03633505,5600,2205,0.096,0.29600000000000004,0.324,0.6,935,2310,30.8,0.35,0.31,18028.0,410,211.68,1993.32,652.6800000000001,714.4200000000001,,0.4125
BU03633600,450,255,0.033,0.23600000000000002,0.34299999999999997,0.5,115,45,,0.53,0.52,864.0,503,8.415000000000001,246.585,60.18000000000001,87.46499999999999,,0.1
BU03633601,95,60,,,,,30,40,,0.68,0.68,142.0,,,,,,,0.42105263157894735
BU03633700,550,375,0.042,0.449,0.17600000000000002,0.4,150,140,,0.14,0.11,5133.0,273,15.750000000000002,359.25,168.375,66.0,,0.2545454545454545
BU03633702,5775,2920,0.162,0.551,0.114,0.4,885,3115,22.7,0.34,0.34,16942.0,283,473.04,2446.96,1608.92,332.88,,0.5393939393939394
BU03633703,3930,2230,0.154,0.506,0.16,0.4,680,1365,29.5,0.22,0.2,19779.0,316,343.42,1886.58,1128.38,356.8,,0.3473282442748092
BU03633704,1950,985,0.128,0.465,0.213,0.4,400,635,,0.09,0.08,23501.0,390,126.08,858.92,458.02500000000003,209.805,,0.32564102564102565
BU03633705,4275,2515,0.195,0.593,0.08900000000000001,0.4,730,1825,25.3,0.2,0.19,22143.0,287,490.425,2024.575,1491.395,223.83500000000004,,0.4269005847953216
BU03633706,2400,1305,0.158,0.53,0.095,0.4,345,1160,,0.1,0.1,24501.0,301,206.19,1098.81,691.6500000000001,123.97500000000001,,0.48333333333333334
BU03633802,4100,2390,0.083,0.415,0.161,0.4,865,1140,32.0,0.34,0.3,13849.0,308,198.37,2191.63,991.8499999999999,384.79,,0.2780487804878049
BU03633803,1780,995,0.11800000000000001,0.496,0.166,0.4,300,615,,0.07,0.07,26884.0,331,117.41000000000001,877.59,493.52,165.17000000000002,,0.3455056179775281
BU03633900,2095,1405,0.14,0.685,0.064,0.3,330,905,,0.15,0.14,14785.0,228,196.70000000000002,1208.3,962.4250000000001,89.92,,0.431980906921241
BU03633901,2225,1265,0.145,0.562,0.165,0.3,425,1005,,0.17,0.16,13925.0,335,183.42499999999998,1081.575,710.9300000000001,208.72500000000002,,0.451685393258427
BU03633902,2080,1000,0.155,0.503,0.16699999999999998,0.4,265,1195,,0.13,0.12,17042.0,341,155.0,845.0,503.0,166.99999999999997,,0.5745192307692307
BU03633903,3755,1530,0.27399999999999997,0.584,0.07400000000000001,0.5,295,3020,16.2,0.3,0.3,12657.0,272,419.21999999999997,1110.78,893.52,113.22000000000001,,0.8042609853528628
BU03634000,1700,1150,0.078,0.418,0.17600000000000002,0.3,475,200,,0.09,0.08,20973.0,317,89.7,1060.3,480.7,202.40000000000003,,0.11764705882352941
BU03634001,3200,1815,0.10800000000000001,0.48200000000000004,0.193,0.3,690,600,32.6,0.12,0.12,25998.0,395,196.02,1618.98,874.83,350.295,,0.1875
BU03634002,1910,1100,0.166,0.5489999999999999,0.14300000000000002,0.3,385,585,,0.07,0.07,26846.0,361,182.60000000000002,917.4,603.9,157.3,,0.306282722513089
BU03634100,1930,1205,0.17800000000000002,0.614,0.09,0.4,380,650,,0.07,0.07,27167.0,322,214.49,990.51,739.87,108.45,,0.33678756476683935
BU03634101,2260,1335,0.20199999999999999,0.603,0.102,0.3,350,1025,,0.08,0.08,28836.0,311,269.66999999999996,1065.33,805.005,136.17,,0.45353982300884954
BU03634102,1405,855,0.155,0.5479999999999999,0.111,0.3,225,520,,0.04,0.04,33037.0,307,132.525,722.475,468.53999999999996,94.905,,0.3701067615658363
BU03634103,1915,0,,,,,160,1470,,0.1,0.1,19918.0,,,,,,,0.7676240208877284
BU03634200,3085,1790,0.16,0.547,0.11800000000000001,0.3,530,1235,28.1,0.12,0.12,26438.0,315,286.40000000000003,1503.6,979.1300000000001,211.22000000000003,,0.40032414910858993
BU03634201,3470,1995,0.18600000000000003,0.588,0.113,0.4,535,1475,26.2,0.16,0.14,24011.0,315,371.07000000000005,1623.9299999999998,1173.06,225.435,,0.4250720461095101
BU03634202,1940,1165,0.132,0.496,0.147,0.4,425,530,,0.06,0.06,31907.0,328,153.78,1011.22,577.84,171.255,,0.27319587628865977
BU03634203,1860,1105,0.122,0.536,0.139,0.3,430,480,,0.08,0.08,24182.0,321,134.81,970.19,592.2800000000001,153.59500000000003,,0.25806451612903225
BU03634300,3905,2245,0.092,0.46399999999999997,0.205,0.4,925,820,35.1,0.17,0.16,24989.0,406,206.54,2038.46,1041.6799999999998,460.22499999999997,,0.20998719590268886
BU03634301,3015,1750,0.099,0.46,0.205,0.4,615,555,34.9,0.18,0.16,18596.0,376,173.25,1576.75,805.0,358.75,,0.18407960199004975
BU03634400,1540,915,0.054000000000000006,0.47200000000000003,0.22899999999999998,0.5,345,165,,0.09,0.08,18294.0,523,49.410000000000004,865.59,431.88000000000005,209.535,,0.10714285714285714
BU03634401,3620,2135,0.087,0.42700000000000005,0.225,0.4,770,560,39.6,0.19,0.16,22823.0,394,185.74499999999998,1949.255,911.6450000000001,480.375,,0.15469613259668508
BU03634402,2545,1545,0.08,0.392,0.23399999999999999,0.4,630,390,41.2,0.11,0.1,26014.0,372,123.60000000000001,1421.4,605.64,361.53,,0.15324165029469547
BU03634403,2150,1305,0.099,0.425,0.22899999999999998,0.5,510,335,,0.12,0.11,19063.0,386,129.195,1175.805,554.625,298.84499999999997,,0.1558139534883721
BU03634404,1685,975,0.09300000000000001,0.424,0.248,0.5,395,210,,0.08,0.07,24304.0,455,90.67500000000001,884.325,413.4,241.8,,0.12462908011869436
BU03634405,265,195,,0.635,0.2,1.4,130,20,,0.38,0.33,814.0,,,,123.825,39.0,,0.07547169811320754
BU03634500,2420,1535,0.096,0.45799999999999996,0.215,0.4,645,375,,0.11,0.1,24266.0,421,147.36,1387.6399999999999,703.03,330.025,,0.15495867768595042
BU03634501,1505,970,0.154,0.581,0.127,0.3,325,390,,0.24,0.19,7948.0,380,149.38,820.62,563.5699999999999,123.19,,0.2591362126245847
BU03634600,1375,610,0.068,0.201,0.5579999999999999,0.9,495,135,,0.12,0.11,11987.0,1164,41.480000000000004,568.52,122.61000000000001,340.37999999999994,,0.09818181818181818
BU03634601,2560,1240,0.066,0.289,0.41600000000000004,0.6,770,370,57.0,0.14,0.14,18872.0,795,81.84,1158.16,358.35999999999996,515.84,,0.14453125
BU03634602,1555,790,0.081,0.301,0.43700000000000006,0.8,465,155,,0.19,0.19,8274.0,1318,63.99,726.01,237.79,345.23,,0.09967845659163987
BU03634603,0,0,,,,,0,0,,0.25,0.2,,,,,,,,
BU03634700,1535,785,0.07,0.27899999999999997,0.46399999999999997,0.6,525,180,,0.16,0.15,9946.0,1025,54.95,730.05,219.015,364.23999999999995,,0.11726384364820847
BU03634701,790,440,0.053,0.316,0.39,0.6,320,100,,0.11,0.11,7115.0,1007,23.32,416.68,139.04,171.6,,0.12658227848101267
BU03634702,1835,970,0.071,0.303,0.42,0.7,550,180,,0.13,0.13,13922.0,1127,68.86999999999999,901.13,293.90999999999997,407.4,,0.09809264305177112
BU03634703,2925,1455,0.061,0.27,0.488,0.7,995,290,75.9,0.19,0.19,15026.0,1252,88.755,1366.245,392.85,710.04,,0.09914529914529914
BU03634704,795,345,0.057999999999999996,0.23800000000000002,0.518,0.9,210,60,,0.11,0.1,7735.0,1532,20.009999999999998,324.99,82.11,178.71,,0.07547169811320754
BU03634705,2055,1090,0.063,0.348,0.354,0.6,630,220,,0.13,0.12,16559.0,857,68.67,1021.33,379.32,385.85999999999996,,0.1070559610705596
BU03634706,1385,880,0.057999999999999996,0.43700000000000006,0.15,0.5,260,105,,0.11,0.1,14164.0,578,51.04,828.96,384.56000000000006,132.0,,0.07581227436823104
BU03634707,5,5,,,,,5,0,,0.13,0.13,,,,,,,,0.0
BU03634708,0,0,,,,,0,0,,0.24,0.21,,,,,,,,
BU03634709,1380,870,0.08,0.402,0.261,0.4,425,175,,0.06,0.06,23627.0,490,69.60000000000001,800.4,349.74,227.07000000000002,,0.12681159420289856
BU03634800,1070,650,0.157,0.611,0.091,0.3,170,335,,0.06,0.05,19717.0,380,102.05,547.95,397.15,59.15,,0.3130841121495327
BU03634801,1465,900,0.158,0.5589999999999999,0.11,0.4,270,360,,0.16,0.15,9842.0,427,142.2,757.8,503.09999999999997,99.0,,0.24573378839590443
BU03634802,2425,1535,0.213,0.629,0.08199999999999999,0.4,425,820,,0.12,0.12,20550.0,336,326.955,1208.045,965.515,125.86999999999999,,0.33814432989690724
BU03634803,2305,1155,0.079,0.35700000000000004,0.355,0.5,645,550,,0.23,0.21,11016.0,607,91.245,1063.755,412.33500000000004,410.025,,0.2386117136659436
BU03634804,390,155,0.033,0.23199999999999998,0.445,1.0,60,15,,0.3,0.23,1720.0,,5.115,149.885,35.96,68.975,,0.038461538461538464
BU03634805,4160,2445,0.085,0.43700000000000006,0.23600000000000002,0.5,1000,655,40.4,0.21,0.2,20857.0,460,207.82500000000002,2237.175,1068.4650000000001,577.02,,0.15745192307692307
BU03634900,785,330,0.066,0.21899999999999997,0.594,1.2,190,75,,0.22,0.19,4088.0,1985,21.78,308.22,72.27,196.01999999999998,,0.09554140127388536
BU03634901,1245,575,0.073,0.28300000000000003,0.479,0.9,400,125,,0.15,0.15,8561.0,1263,41.974999999999994,533.025,162.72500000000002,275.425,,0.10040160642570281
BU03634902,75,25,,,,,10,5,,0.11,0.1,817.0,,,,,,,0.06666666666666667
BU03634903,1385,630,0.064,0.254,0.495,0.9,445,145,,0.14,0.14,9616.0,1134,40.32,589.68,160.02,311.85,,0.10469314079422383
BU03634904,2440,1155,0.057999999999999996,0.27399999999999997,0.478,0.7,835,265,,0.15,0.15,16232.0,999,66.99,1088.01,316.46999999999997,552.09,,0.10860655737704918
BU03634905,2690,1350,0.048,0.271,0.429,0.7,840,280,55.8,0.16,0.15,17432.0,786,64.8,1285.2,365.85,579.15,,0.10408921933085502
BU03635000,0,0,,,,,0,0,,0.02,0.02,,,,,,,,
BU03635001,0,0,,,,,0,0,,0.0,0.0,,,,,,,,
BU03635003,0,0,,,,,0,0,,0.06,0.06,,,,,,,,
BU03635005,0,0,,,,,0,0,,0.04,0.04,,,,,,,,
BU03635006,0,0,,,,,0,0,,0.27,0.27,,,,,,,,
BU03635100,325,90,,,,1.3,50,40,,0.1,0.1,3156.0,,,,,,,0.12307692307692308
BU03635101,6090,2200,0.092,0.264,0.405,0.7,985,2135,31.7,0.49,0.44,13700.0,457,202.4,1997.6,580.8000000000001,891.0000000000001,,0.3505747126436782
BU03635102,1830,840,0.1,0.396,0.14400000000000002,0.6,285,960,,0.14,0.11,16020.0,340,84.0,756.0,332.64000000000004,120.96000000000001,,0.5245901639344263
BU03635200,3020,1650,0.069,0.35600000000000004,0.315,0.5,735,320,44.7,0.15,0.14,21652.0,593,113.85000000000001,1536.15,587.4000000000001,519.75,,0.10596026490066225
BU03635201,4395,2450,0.079,0.444,0.257,0.5,945,560,38.9,0.26,0.25,17480.0,519,193.55,2256.45,1087.8,629.65,,0.12741751990898748
BU03635202,3150,1735,0.055,0.429,0.28300000000000003,0.5,675,340,40.1,0.16,0.16,19674.0,548,95.425,1639.575,744.3149999999999,491.00500000000005,,0.10793650793650794
BU03635203,2410,1375,0.076,0.43799999999999994,0.249,0.4,560,310,,0.14,0.14,17174.0,495,104.5,1270.5,602.2499999999999,342.375,,0.12863070539419086
BU03635206,1505,895,0.151,0.579,0.163,0.4,250,280,,0.13,0.13,11500.0,359,135.14499999999998,759.855,518.2049999999999,145.88500000000002,,0.18604651162790697
BU03635207,610,320,0.028999999999999998,0.153,0.513,0.5,180,90,,0.17,0.17,3686.0,540,9.28,310.72,48.96,164.16,,0.14754098360655737
BU03635300,2400,1555,0.14800000000000002,0.5720000000000001,0.135,0.4,470,470,,0.13,0.12,19426.0,383,230.14000000000004,1324.86,889.4600000000002,209.925,,0.19583333333333333
BU03635301,2905,1775,0.11,0.56,0.152,0.4,595,650,31.4,0.16,0.13,21918.0,408,195.25,1579.75,994.0000000000001,269.8,,0.22375215146299485
BU03635400,2480,1585,0.153,0.574,0.159,0.3,470,545,,0.18,0.17,14878.0,368,242.505,1342.495,909.79,252.01500000000001,,0.21975806451612903
BU03635401,2710,1675,0.09300000000000001,0.475,0.187,0.4,515,400,36.6,0.23,0.19,14181.0,391,155.77500000000003,1519.225,795.625,313.225,,0.14760147601476015
BU03635402,2150,1335,0.10400000000000001,0.49,0.184,0.5,435,280,,0.29,0.26,8322.0,412,138.84,1196.16,654.15,245.64,,0.13023255813953488
BU03635403,1715,1090,0.23600000000000002,0.698,0.071,0.3,285,595,,0.08,0.08,21641.0,358,257.24,832.76,760.8199999999999,77.38999999999999,,0.3469387755102041
BU03635404,45,25,,,,,5,5,,0.32,0.27,167.0,,,,,,,0.1111111111111111
BU03635501,2415,1555,0.115,0.7390000000000001,0.10300000000000001,0.2,570,765,,0.18,0.18,13779.0,242,178.82500000000002,1376.175,1149.1450000000002,160.16500000000002,,0.3167701863354037
BU03635502,1025,600,0.044000000000000004,0.23800000000000002,0.255,0.4,260,185,,0.19,0.18,5559.0,454,26.400000000000002,573.6,142.8,153.0,,0.18048780487804877
BU03635503,2135,1035,0.06,0.385,0.306,0.9,380,405,,0.16,0.16,13614.0,477,62.099999999999994,972.9,398.475,316.71,,0.18969555035128804
BU03635504,10,5,,,,,0,0,,0.29,0.25,41.0,,,,,,,0.0
BU03635505,850,495,0.23600000000000002,0.746,0.047,0.4,100,370,,0.11,0.11,7834.0,265,116.82000000000001,378.18,369.27,23.265,,0.43529411764705883
BU03635506,1850,895,0.094,0.49,0.201,0.6,245,335,,0.29,0.28,6684.0,381,84.13,810.87,438.55,179.895,,0.1810810810810811
BU03635507,2390,1420,0.17300000000000001,0.67,0.125,0.4,380,665,,0.36,0.36,6631.0,343,245.66000000000003,1174.34,951.4000000000001,177.5,,0.27824267782426776
BU03635508,615,340,0.17300000000000001,0.614,0.078,0.3,105,345,,0.09,0.07,8380.0,300,58.82000000000001,281.18,208.76,26.52,,0.5609756097560976
BU03635600,2670,1360,0.052000000000000005,0.368,0.32899999999999996,0.6,540,260,43.9,0.18,0.17,15545.0,592,70.72000000000001,1289.28,500.48,447.43999999999994,,0.09737827715355805
BU03635601,2930,1320,0.059000000000000004,0.379,0.34,0.6,485,315,40.8,0.19,0.19,15813.0,596,77.88000000000001,1242.12,500.28000000000003,448.8,,0.1075085324232082
BU03635602,5115,2465,0.055999999999999994,0.381,0.28300000000000003,0.6,970,560,33.7,0.4,0.4,12930.0,473,138.04,2326.96,939.165,697.595,,0.10948191593352884
BU03635603,305,180,0.034,0.462,0.228,0.6,40,15,,0.21,0.21,1443.0,435,6.12,173.88,83.16000000000001,41.04,,0.04918032786885246
BU03635604,250,245,0.632,0.996,0.0,0.0,10,165,,0.25,0.24,1049.0,,154.84,90.16,244.02,0.0,,0.66
BU03635605,1650,735,0.064,0.302,0.35700000000000004,0.7,245,420,,0.26,0.26,6388.0,502,47.04,687.96,221.97,262.39500000000004,,0.2545454545454545
BU03635606,0,0,,,,,0,0,,0.27,0.27,,,,,,,,
BU03635607,2670,1985,0.055999999999999994,0.687,0.139,0.1,1000,545,,0.42,0.41,6534.0,252,111.15999999999998,1873.84,1363.6950000000002,275.915,,0.20411985018726592
BU03635608,265,250,0.5670000000000001,0.975,0.008,0.2,35,160,,0.85,0.7,382.0,,141.75000000000003,108.24999999999997,243.75,2.0,,0.6037735849056604
BU03635700,3250,1960,0.16899999999999998,0.652,0.065,0.5,410,855,23.3,0.46,0.44,7425.0,307,331.23999999999995,1628.76,1277.92,127.4,,0.2630769230769231
BU03635701,5,0,,,,,0,5,,0.39,0.38,,,,,,,,1.0
BU03635702,0,0,,,,,0,0,,0.28,0.27,,,,,,,,
BU03635801,1365,840,0.16,0.853,0.031,0.3,340,350,,0.48,0.46,2990.0,517,134.4,705.6,716.52,26.04,,0.2564102564102564
BU03635804,75,30,,,,,15,5,,0.51,0.45,176.0,,,,,,,0.06666666666666667
BU03635805,40,5,,,,,5,5,,1.19,1.1,39.0,,,,,,,0.125
BU03635806,1835,1230,0.079,0.53,0.21,0.6,315,305,,0.37,0.28,6513.0,335,97.17,1132.83,651.9,258.3,,0.16621253405994552
BU03635807,730,435,0.04,0.203,0.428,0.5,255,135,,0.15,0.12,6373.0,515,17.400000000000002,417.6,88.305,186.18,,0.18493150684931506
BU03635808,30,20,,,,,10,5,,0.24,0.23,145.0,,,,,,,0.16666666666666666
BU03635809,705,620,0.08900000000000001,0.8079999999999999,0.047,0.1,190,165,,0.26,0.21,3347.0,,55.18000000000001,564.8199999999999,500.96,29.14,,0.23404255319148937
BU03635900,1335,665,0.032,0.20199999999999999,0.431,0.9,400,190,,0.27,0.24,5473.0,846,21.28,643.72,134.32999999999998,286.615,,0.14232209737827714
BU03635901,0,0,,,,,0,0,,0.17,0.14,,,,,,,,
BU03636000,4845,2545,0.24,0.679,0.057999999999999996,0.4,600,2375,19.3,0.58,0.49,9873.0,233,610.8,1934.2,1728.055,147.60999999999999,,0.49019607843137253
BU03636001,2410,1235,0.20800000000000002,0.662,0.075,0.5,270,930,,0.37,0.36,6748.0,271,256.88,978.12,817.57,92.625,,0.38589211618257263
BU03636002,2385,1245,0.13699999999999998,0.5579999999999999,0.086,0.6,315,590,,0.36,0.35,6894.0,247,170.56499999999997,1074.435,694.7099999999999,107.07,,0.24737945492662475
BU03636100,2500,1465,0.205,0.628,0.075,0.5,350,1115,,0.4,0.2,12349.0,275,300.325,1164.675,920.02,109.875,,0.446
BU03636101,4315,2175,0.201,0.606,0.096,0.5,605,2080,20.7,0.34,0.32,13459.0,292,437.175,1737.825,1318.05,208.8,,0.4820393974507532
BU03636102,1265,690,0.174,0.593,0.077,0.5,170,470,,0.32,0.29,4408.0,301,120.05999999999999,569.94,409.16999999999996,53.13,,0.3715415019762846
BU03636103,180,70,,,,1.2,40,15,,0.39,0.37,484.0,,,,,,,0.08333333333333333
BU03636200,1045,535,0.075,0.5770000000000001,0.099,0.7,130,175,,0.12,0.11,9397.0,262,40.125,494.875,308.69500000000005,52.965,,0.1674641148325359
BU03636201,2475,1310,0.131,0.5920000000000001,0.106,0.7,265,340,,0.35,0.32,7794.0,260,171.61,1138.3899999999999,775.5200000000001,138.85999999999999,,0.13737373737373737
BU03636300,1880,930,0.14800000000000002,0.574,0.102,0.7,210,390,,0.17,0.17,11164.0,260,137.64000000000001,792.36,533.8199999999999,94.86,,0.2074468085106383
BU03636400,145,60,,,,0.8,25,5,,0.03,0.02,6600.0,,,,,,,0.034482758620689655
BU03636401,120,55,,,,1.1,15,20,,0.03,0.03,4783.0,,,,,,,0.16666666666666666
BU03636402,1045,400,0.025,0.159,0.534,0.9,155,45,,0.12,0.1,10472.0,566,10.0,390.0,63.6,213.60000000000002,,0.0430622009569378
BU03636403,360,130,0.032,0.153,0.473,1.0,75,10,,0.08,0.07,5242.0,575,4.16,125.84,19.89,61.489999999999995,,0.027777777777777776
BU03636404,5,0,,,,,0,5,,0.18,0.14,,,,,,,,1.0
BU03636500,1155,560,0.1,0.555,0.111,0.7,110,240,,0.18,0.17,6703.0,256,56.0,504.0,310.8,62.160000000000004,,0.2077922077922078
BU03636501,4235,2035,0.109,0.527,0.11,0.8,455,780,22.2,0.53,0.51,8383.0,255,221.815,1813.185,1072.445,223.85,,0.18417945690672963
BU03636502,4020,2110,0.16,0.598,0.086,0.6,495,1300,22.8,0.69,0.65,6166.0,250,337.6,1772.4,1261.78,181.45999999999998,,0.32338308457711445
BU03636503,2295,760,0.077,0.248,0.38799999999999996,0.9,230,880,,0.3,0.26,8846.0,437,58.519999999999996,701.48,188.48,294.87999999999994,,0.38344226579520696
BU03636601,415,180,0.109,0.34600000000000003,0.313,1.2,60,20,,0.47,0.45,929.0,339,19.62,160.38,62.28000000000001,56.34,,0.04819277108433735
BU03636602,1415,590,0.039,0.28,0.213,1.0,175,430,,0.51,0.49,2902.0,344,23.01,566.99,165.20000000000002,125.67,,0.303886925795053
BU03636603,2435,980,0.057,0.271,0.32899999999999996,1.0,280,485,,0.42,0.36,6688.0,365,55.86,924.14,265.58000000000004,322.41999999999996,,0.19917864476386038
BU03636604,145,65,,,,1.1,15,10,,1.47,0.77,188.0,,,,,,,0.06896551724137931
BU03636605,3155,1550,0.18100000000000002,0.6459999999999999,0.049,0.5,380,1565,17.4,0.3,0.3,10401.0,213,280.55,1269.45,1001.2999999999998,75.95,,0.4960380348652932
BU03636606,1325,685,0.086,0.415,0.147,0.8,170,340,,0.16,0.16,8352.0,271,58.91,626.09,284.275,100.695,,0.25660377358490566
BU03636700,2190,895,0.062,0.27399999999999997,0.369,1.0,245,340,,1.31,1.17,1878.0,423,55.49,839.51,245.22999999999996,330.255,,0.1552511415525114
BU03636701,1095,465,0.086,0.35100000000000003,0.23199999999999998,0.9,110,260,,0.19,0.18,5992.0,316,39.989999999999995,425.01,163.215,107.88,,0.2374429223744292
BU03636800,585,365,0.055999999999999994,0.444,0.055999999999999994,0.6,120,165,,0.12,0.11,5187.0,226,20.439999999999998,344.56,162.06,20.439999999999998,,0.28205128205128205
BU03636801,470,285,0.086,0.409,0.147,0.6,110,85,,0.16,0.14,3283.0,283,24.509999999999998,260.49,116.565,41.894999999999996,,0.18085106382978725
BU03636802,4970,2540,0.16,0.5720000000000001,0.07200000000000001,0.5,680,2705,20.7,0.38,0.36,13725.0,231,406.40000000000003,2133.6,1452.88,182.88000000000002,,0.5442655935613682
BU03636803,3490,1330,0.14400000000000002,0.48100000000000004,0.13699999999999998,0.7,265,2380,18.5,0.41,0.41,8620.0,291,191.52,1138.48,639.73,182.20999999999998,,0.6819484240687679
BU03636804,2045,720,0.18100000000000002,0.499,0.12,0.7,190,1415,,0.23,0.22,9529.0,251,130.32000000000002,589.68,359.28,86.39999999999999,,0.6919315403422983
BU03636805,1610,635,0.172,0.47,0.19,0.8,210,865,,0.22,0.19,8702.0,322,109.21999999999998,525.78,298.45,120.65,,0.5372670807453416
BU03636900,200,90,,,,1.0,40,35,,0.16,0.15,1340.0,457,,,,,,0.175
BU03636902,1560,905,0.105,0.611,0.059000000000000004,0.5,260,575,,0.17,0.16,9778.0,226,95.02499999999999,809.975,552.955,53.395,,0.3685897435897436
BU03636909,985,575,0.1,0.621,0.075,0.5,175,295,,0.23,0.23,4352.0,256,57.5,517.5,357.075,43.125,,0.29949238578680204
BU03636910,3100,1540,0.183,0.5660000000000001,0.079,0.5,465,1675,20.2,0.28,0.28,11085.0,253,281.82,1258.18,871.6400000000001,121.66,,0.5403225806451613
BU03636911,2745,1225,0.215,0.611,0.037000000000000005,0.5,255,1780,16.0,0.24,0.23,12159.0,230,263.375,961.625,748.475,45.325,,0.6484517304189436
BU03636912,2520,1600,0.09300000000000001,0.622,0.085,0.4,445,685,,0.47,0.47,5408.0,276,148.8,1451.2,995.2,136.0,,0.2718253968253968
BU03637000,3740,1565,0.162,0.5579999999999999,0.109,0.5,430,2160,19.0,0.37,0.34,11128.0,262,253.53,1311.47,873.2699999999999,170.585,,0.5775401069518716
BU03637001,3665,1830,0.151,0.546,0.14800000000000002,0.7,390,1560,24.7,0.53,0.5,7312.0,279,276.33,1553.67,999.1800000000001,270.84000000000003,,0.4256480218281037
BU03637002,2645,1240,0.17,0.615,0.069,0.6,295,1585,17.9,0.34,0.31,8678.0,235,210.8,1029.2,762.6,85.56,,0.5992438563327032
BU03637003,3655,1565,0.151,0.513,0.10400000000000001,0.7,420,1920,19.3,0.46,0.4,9081.0,260,236.315,1328.685,802.845,162.76000000000002,,0.5253077975376197
BU03637004,325,140,0.021,0.218,0.444,1.1,65,20,,0.1,0.08,4189.0,535,2.9400000000000004,137.06,30.52,62.160000000000004,,0.06153846153846154
BU03637005,370,160,0.121,0.469,0.191,0.7,45,145,,0.03,0.03,11398.0,319,19.36,140.64,75.03999999999999,30.560000000000002,,0.3918918918918919
BU03637102,950,435,0.051,0.243,0.40299999999999997,0.9,170,105,,0.7,0.57,1676.0,423,22.185,412.815,105.705,175.30499999999998,,0.11052631578947368
BU03637104,0,0,,,,,0,0,,1.39,0.91,,,,,,,,
BU03637105,1555,1375,0.183,0.826,0.026000000000000002,0.2,350,470,,0.79,0.37,4173.0,80,251.625,1123.375,1135.75,35.75,,0.3022508038585209
BU03637106,180,70,,,,,45,45,,0.66,0.35,516.0,,,,,,,0.25
BU03637107,1365,695,0.047,0.17300000000000001,0.473,0.6,255,230,,0.51,0.29,4655.0,570,32.665,662.335,120.23500000000001,328.73499999999996,,0.1684981684981685
BU03637200,290,210,0.08,0.625,0.05,1.1,130,75,,0.5,0.32,916.0,204,16.8,193.2,131.25,10.5,,0.25862068965517243
BU03637201,10,10,,,,,5,0,,0.39,0.27,37.0,,,,,,,0.0
BU03637202,25,10,,,,,0,5,,0.22,0.1,261.0,,,,,,,0.2
BU03637300,70,30,,,,,10,5,,0.25,0.15,479.0,,,,,,,0.07142857142857142
BU03637301,605,250,0.027999999999999997,0.23199999999999998,0.41600000000000004,1.0,80,35,,0.68,0.66,917.0,608,6.999999999999999,243.0,57.99999999999999,104.00000000000001,,0.05785123966942149
BU03637302,5,0,,,,,0,0,,0.37,0.36,,,,,,,,0.0
BU03637303,500,200,0.051,0.19899999999999998,0.44299999999999995,1.2,60,15,,2.94,2.55,197.0,,10.2,189.8,39.8,88.6,,0.03
BU03637304,25,0,,,,,0,5,,1.6,1.55,16.0,,,,,,,0.2
BU03637305,310,130,0.024,0.171,0.419,1.4,30,10,,2.27,1.77,175.0,604,3.12,126.88,22.23,54.47,,0.03225806451612903
BU03637306,280,110,0.063,0.196,0.473,1.3,20,10,,9.28,7.84,36.0,592,6.93,103.07,21.560000000000002,52.029999999999994,,0.03571428571428571
BU03637307,480,195,0.068,0.267,0.364,1.2,35,15,,8.86,8.5,56.0,568,13.260000000000002,181.74,52.065000000000005,70.98,,0.03125
BU03637308,15,10,,,,,10,5,,1.02,0.94,19.0,,,,,,,0.3333333333333333
BU03637309,5,5,,,,,5,0,,0.48,0.45,,,,,,,,0.0
BU03637400,115,40,,,,,20,5,,0.04,0.04,2950.0,,,,,,,0.043478260869565216
BU03637401,345,245,0.364,0.698,0.11599999999999999,0.3,50,155,,0.31,0.3,1160.0,303,89.17999999999999,155.82,171.01,28.419999999999998,,0.4492753623188406
BU03637402,2390,885,0.049,0.22899999999999998,0.397,0.9,355,760,,0.51,0.48,5001.0,470,43.365,841.635,202.665,351.345,,0.3179916317991632
BU03637500,2235,1160,0.154,0.483,0.195,0.4,420,615,,0.1,0.1,23293.0,413,178.64,981.36,560.28,226.20000000000002,,0.2751677852348993
BU03637501,1095,655,0.121,0.505,0.188,0.3,220,270,,0.05,0.04,26231.0,378,79.255,575.745,330.775,123.14,,0.2465753424657534
BU03637502,1830,955,0.179,0.563,0.154,0.3,320,800,,0.08,0.07,25842.0,363,170.945,784.0550000000001,537.665,147.07,,0.4371584699453552
BU03637503,1035,485,0.157,0.473,0.165,0.5,125,505,,0.05,0.04,23203.0,339,76.145,408.855,229.405,80.025,,0.48792270531400966
BU03637600,6155,3000,0.21,0.607,0.091,0.5,840,3665,19.7,0.7,0.68,9042.0,225,630.0,2370.0,1821.0,273.0,,0.595450852965069
BU03637601,3185,1480,0.214,0.609,0.069,0.5,370,2280,18.0,0.32,0.28,11295.0,211,316.71999999999997,1163.28,901.3199999999999,102.12,,0.7158555729984302
BU03637700,3365,1940,0.233,0.73,0.037000000000000005,0.4,415,2050,19.0,0.43,0.41,8311.0,172,452.02000000000004,1487.98,1416.2,71.78000000000002,,0.6092124814264487
BU03637701,3205,1675,0.11900000000000001,0.49200000000000005,0.154,0.5,515,1315,26.3,0.4,0.35,9251.0,262,199.32500000000002,1475.675,824.1000000000001,257.95,,0.41029641185647425
BU03637702,3645,1740,0.149,0.544,0.1,0.6,640,2055,20.8,0.36,0.34,10658.0,236,259.26,1480.74,946.5600000000001,174.0,,0.5637860082304527
BU03637703,3780,1525,0.248,0.607,0.068,0.6,265,3075,15.3,0.23,0.22,16825.0,194,378.2,1146.8,925.675,103.7,,0.8134920634920635
BU03637704,50,30,,,,,20,25,,1.06,0.62,81.0,,,,,,,0.5
BU03637705,3925,1740,0.213,0.603,0.087,0.6,360,2665,17.6,0.32,0.31,12619.0,215,370.62,1369.38,1049.22,151.38,,0.6789808917197452
BU03637800,3060,1335,0.215,0.62,0.065,0.5,280,2095,16.7,0.27,0.26,11651.0,211,287.025,1047.975,827.7,86.775,,0.684640522875817
BU03637801,2805,1095,0.11199999999999999,0.46299999999999997,0.179,0.9,335,1695,20.0,0.3,0.28,9886.0,302,122.63999999999999,972.36,506.98499999999996,196.005,,0.6042780748663101
BU03637802,4100,1790,0.171,0.53,0.099,0.6,590,2790,20.1,0.27,0.25,16424.0,250,306.09000000000003,1483.9099999999999,948.7,177.21,,0.6804878048780488
BU03637803,5975,2605,0.20199999999999999,0.5710000000000001,0.107,0.7,590,4210,18.6,0.43,0.4,14893.0,264,526.2099999999999,2078.79,1487.4550000000002,278.735,,0.704602510460251
BU03637804,305,170,0.318,0.5670000000000001,0.08800000000000001,0.6,60,150,,0.14,0.12,2516.0,292,54.06,115.94,96.39000000000001,14.96,,0.4918032786885246
BU03637900,30,15,,,,,5,10,,2.1,1.88,16.0,,,,,,,0.3333333333333333
BU03637901,2415,1020,0.084,0.36200000000000004,0.19899999999999998,1.0,305,1140,,0.32,0.31,7834.0,309,85.68,934.3199999999999,369.24000000000007,202.98,,0.4720496894409938
BU03638000,265,10,,,,,5,260,,0.73,0.7,381.0,,,,,,,0.9811320754716981
BU03638001,790,345,0.11599999999999999,0.39,0.298,1.3,110,110,,2.6,2.46,323.0,526,40.019999999999996,304.98,134.55,102.81,,0.13924050632911392
BU03638002,65,35,,,,,0,15,,2.36,2.17,32.0,,,,,,,0.23076923076923078
BU03638100,4960,2535,0.22899999999999998,0.718,0.04,0.5,545,3115,17.0,0.33,0.32,15714.0,180,580.515,1954.4850000000001,1820.1299999999999,101.4,,0.6280241935483871
BU03638101,3110,1650,0.1,0.431,0.177,0.6,615,1325,29.6,0.23,0.21,14952.0,312,165.0,1485.0,711.15,292.05,,0.42604501607717044
BU03638102,2980,1420,0.13,0.498,0.133,0.6,385,1780,23.3,0.41,0.3,9909.0,253,184.6,1235.4,707.16,188.86,,0.5973154362416108
BU03638103,1240,680,0.16399999999999998,0.616,0.105,0.6,190,580,,0.28,0.26,4704.0,235,111.51999999999998,568.48,418.88,71.39999999999999,,0.46774193548387094
BU03638104,3995,2330,0.113,0.612,0.111,0.5,690,1335,24.1,0.52,0.49,8207.0,243,263.29,2066.71,1425.96,258.63,,0.3341677096370463
BU03638200,2850,1170,0.19399999999999998,0.642,0.068,0.6,185,2105,16.2,0.22,0.21,13527.0,207,226.97999999999996,943.02,751.14,79.56,,0.7385964912280701
BU03638201,3475,1550,0.188,0.565,0.10099999999999999,0.6,450,2325,19.5,0.26,0.24,14592.0,239,291.4,1258.6,875.7499999999999,156.54999999999998,,0.6690647482014388
BU03638202,3195,1435,0.16699999999999998,0.5670000000000001,0.098,0.6,415,2160,19.1,0.24,0.23,13811.0,272,239.64499999999998,1195.355,813.6450000000001,140.63,,0.676056338028169
BU03638203,6230,2870,0.11800000000000001,0.439,0.17600000000000002,0.7,945,3790,24.7,0.4,0.35,17717.0,292,338.66,2531.34,1259.93,505.12000000000006,,0.608346709470305
BU03638300,6005,2755,0.122,0.534,0.09699999999999999,0.7,950,3275,20.5,0.48,0.48,12512.0,225,336.11,2418.89,1471.17,267.23499999999996,,0.5453788509575354
BU03638301,120,5,,,,,10,75,,0.12,0.12,1051.0,,,,,,,0.625
BU03638400,3945,1745,0.094,0.446,0.175,0.8,465,1780,24.4,0.35,0.34,11740.0,306,164.03,1580.97,778.27,305.375,,0.4512040557667934
BU03638401,4590,1905,0.059000000000000004,0.309,0.311,1.0,580,1965,30.0,0.57,0.52,8854.0,364,112.39500000000001,1792.605,588.645,592.455,,0.42810457516339867
BU03638402,5990,2265,0.061,0.264,0.37,1.0,710,2745,29.6,0.72,0.65,9162.0,409,138.165,2126.835,597.96,838.05,,0.4582637729549249
BU03638500,2475,1160,0.047,0.371,0.29600000000000004,0.7,425,710,,0.65,0.36,6899.0,383,54.52,1105.48,430.36,343.36000000000007,,0.2868686868686869
BU03638501,2230,1055,0.149,0.539,0.162,0.6,455,725,,0.58,0.44,5053.0,287,157.195,897.8050000000001,568.645,170.91,,0.3251121076233184
BU03638502,3350,1545,0.22,0.644,0.052000000000000005,0.5,425,2265,16.9,0.32,0.31,10849.0,224,339.9,1205.1,994.98,80.34,,0.6761194029850747
BU03638600,6005,2440,0.163,0.47200000000000003,0.175,0.6,605,4170,21.0,0.34,0.34,17865.0,287,397.72,2042.28,1151.68,427.0,,0.694421315570358
BU03638601,4295,2335,0.095,0.531,0.107,0.4,655,2105,26.2,0.31,0.3,14321.0,278,221.825,2113.175,1239.885,249.845,,0.490104772991851
BU03638602,960,735,0.057,0.642,0.091,0.2,350,125,,0.3,0.28,3445.0,311,41.895,693.105,471.87,66.885,,0.13020833333333334
BU03638603,840,540,0.039,0.39799999999999996,0.20800000000000002,0.4,245,145,,0.32,0.27,3080.0,335,21.06,518.94,214.92,112.32000000000001,,0.17261904761904762
BU03638604,695,265,0.222,0.642,0.075,0.6,35,565,,0.09,0.09,8087.0,221,58.83,206.17000000000002,170.13,19.875,,0.8129496402877698
BU03638605,1115,985,0.01,0.461,0.09699999999999999,0.1,485,385,,0.18,0.18,6202.0,275,9.85,975.15,454.08500000000004,95.54499999999999,,0.3452914798206278
BU03638700,2645,1650,0.037000000000000005,0.35700000000000004,0.223,0.4,905,740,41.0,0.26,0.25,10790.0,363,61.05000000000001,1588.95,589.0500000000001,367.95,,0.27977315689981097
BU03638701,1270,555,0.09699999999999999,0.316,0.382,0.6,290,445,,0.18,0.14,8808.0,552,53.834999999999994,501.165,175.38,212.01,,0.35039370078740156
BU03638702,1555,785,0.17,0.642,0.102,0.4,260,740,,0.18,0.17,9090.0,254,133.45000000000002,651.55,503.97,80.07,,0.4758842443729904
BU03638703,3430,2040,0.152,0.611,0.107,0.4,730,1470,26.2,0.34,0.32,10638.0,245,310.08,1729.92,1246.44,218.28,,0.42857142857142855
BU03638704,575,525,0.413,0.9620000000000001,0.0,0.1,40,355,,0.42,0.42,1388.0,93,216.825,308.175,505.05000000000007,0.0,,0.6173913043478261
BU03638705,1090,945,0.091,0.759,0.035,0.1,430,275,,0.12,0.11,9668.0,166,85.995,859.005,717.255,33.075,,0.25229357798165136
BU03638800,80,55,,,,,40,40,,0.65,0.61,132.0,,,,,,,0.5
BU03638801,960,435,0.024,0.166,0.42,1.0,190,170,,0.12,0.11,8463.0,398,10.44,424.56,72.21000000000001,182.7,,0.17708333333333334
BU03638802,165,90,,,,0.7,35,10,,2.27,1.3,127.0,,,,,,,0.06060606060606061
BU03638803,255,115,0.049,0.261,0.45,1.4,40,55,,0.86,0.79,323.0,752,5.635,109.365,30.015,51.75,,0.21568627450980393
BU03638804,3125,1270,0.065,0.307,0.305,0.9,455,1190,28.3,0.37,0.35,9040.0,346,82.55,1187.45,389.89,387.34999999999997,,0.3808
BU03638805,3155,1440,0.05,0.35100000000000003,0.25,0.8,445,970,29.6,0.48,0.44,7201.0,358,72.0,1368.0,505.44000000000005,360.0,,0.3074484944532488
BU03638806,1075,645,0.077,0.49,0.15,0.6,250,355,,0.08,0.08,13004.0,289,49.665,595.335,316.05,96.75,,0.3302325581395349
BU03638807,2325,895,0.019,0.13699999999999998,0.46799999999999997,1.0,390,575,,0.23,0.22,10799.0,381,17.005,877.995,122.61499999999998,418.85999999999996,,0.24731182795698925
BU03638808,2120,915,0.064,0.316,0.22699999999999998,0.8,400,660,,0.26,0.23,9336.0,365,58.56,856.44,289.14,207.70499999999998,,0.3113207547169811
BU03638809,685,320,0.065,0.299,0.29600000000000004,1.1,80,40,,0.61,0.54,1272.0,361,20.8,299.2,95.67999999999999,94.72000000000001,,0.058394160583941604
BU03638900,3255,1690,0.127,0.621,0.079,0.5,525,1565,21.0,0.37,0.36,9084.0,271,214.63,1475.37,1049.49,133.51,,0.4807987711213518
BU03638901,3560,1995,0.125,0.57,0.115,0.4,720,1665,24.6,0.31,0.29,12069.0,230,249.375,1745.625,1137.1499999999999,229.425,,0.46769662921348315
BU03638902,2990,1325,0.159,0.532,0.156,0.5,370,1805,22.8,0.32,0.31,9794.0,322,210.675,1114.325,704.9000000000001,206.7,,0.6036789297658863
BU03638903,830,675,0.313,0.919,0.009000000000000001,0.1,165,310,,0.3,0.29,2872.0,328,211.275,463.725,620.325,6.075000000000001,,0.37349397590361444
BU03639000,4565,2770,0.08,0.467,0.18899999999999997,0.5,1340,1115,37.3,0.46,0.46,10029.0,345,221.6,2548.4,1293.5900000000001,523.53,,0.244249726177437
BU03639002,3775,2100,0.069,0.42,0.18899999999999997,0.5,1020,1135,33.8,0.54,0.5,7513.0,349,144.9,1955.1,882.0,396.8999999999999,,0.30066225165562915
BU03639003,4075,2345,0.09,0.499,0.226,0.6,1010,875,38.1,0.75,0.7,5839.0,417,211.04999999999998,2133.95,1170.155,529.97,,0.2147239263803681
BU03639004,65,30,,,,,15,5,,1.32,0.76,88.0,,,,,,,0.07692307692307693
BU03639008,1015,530,0.053,0.37,0.344,0.8,310,145,,0.27,0.24,4198.0,749,28.09,501.91,196.1,182.32,,0.14285714285714285
BU03639009,20,10,,,,,15,5,,0.21,0.19,121.0,,,,,,,0.25
BU03639100,780,390,0.075,0.317,0.244,0.7,215,165,,0.14,0.13,5916.0,466,29.25,360.75,123.63,95.16,,0.21153846153846154
BU03639101,3240,1950,0.113,0.527,0.135,0.5,690,1040,30.8,0.3,0.29,11261.0,348,220.35,1729.65,1027.65,263.25,,0.32098765432098764
BU03639102,3880,2165,0.077,0.45799999999999996,0.212,0.6,1130,1010,37.0,0.64,0.61,6374.0,444,166.70499999999998,1998.295,991.5699999999999,458.97999999999996,,0.2603092783505155
BU03639103,10,5,,,,,0,5,,0.62,0.5,24.0,,,,,,,0.5
BU03639200,20,15,,,,,10,10,,0.34,0.34,58.0,,,,,,,0.5
BU03639201,50,45,,,,,35,15,,0.8,0.78,66.0,,,,,,,0.3
BU03639202,20,15,,,,,10,10,,0.99,0.93,26.0,,,,,,,0.5
BU03639203,430,405,0.184,0.958,0.005,0.4,50,175,,0.38,0.35,1231.0,79,74.52,330.48,387.99,2.025,,0.4069767441860465
BU03639204,0,0,,,,,0,0,,0.36,0.36,,,,,,,,
BU03639205,35,0,,,,,5,25,,0.8,0.77,46.0,,,,,,,0.7142857142857143
BU03639206,150,70,,,,0.4,20,45,,1.61,1.46,103.0,,,,,,,0.3
BU03639300,5240,3045,0.20600000000000002,0.6709999999999999,0.039,0.4,595,3665,21.0,0.5,0.5,10522.0,180,627.2700000000001,2417.73,2043.1949999999997,118.755,,0.6994274809160306
BU03639301,3455,1990,0.185,0.632,0.057,0.4,440,2395,21.8,0.32,0.32,10732.0,192,368.15,1621.85,1257.68,113.43,,0.6931982633863966
BU03639302,1975,1660,0.23399999999999999,0.9470000000000001,0.003,0.1,475,980,,0.28,0.27,7415.0,56,388.44,1271.56,1572.0200000000002,4.98,,0.4962025316455696
BU03639303,3855,1680,0.13,0.475,0.152,0.6,290,3020,21.7,0.23,0.22,17424.0,264,218.4,1461.6,798.0,255.35999999999999,,0.7833981841763943
BU03639304,1430,875,0.276,0.82,0.009000000000000001,0.4,230,1055,,0.43,0.43,3359.0,166,241.50000000000003,633.5,717.5,7.875000000000001,,0.7377622377622378
BU03639305,1620,950,0.235,0.784,0.02,0.2,195,1130,,0.2,0.2,7958.0,193,223.25,726.75,744.8000000000001,19.0,,0.6975308641975309
BU03639306,3100,1555,0.23,0.664,0.052000000000000005,0.4,250,2520,17.2,0.2,0.2,15809.0,193,357.65000000000003,1197.35,1032.52,80.86000000000001,,0.8129032258064516
BU03639307,2555,1300,0.261,0.72,0.034,0.3,205,1955,16.0,0.29,0.27,9617.0,198,339.3,960.7,936.0,44.2,,0.7651663405088063
BU03639308,200,100,,,,0.8,45,80,,0.12,0.11,1842.0,366,,,,,,0.4
BU03639309,715,295,0.08,0.42200000000000004,0.24600000000000002,0.7,65,560,,0.07,0.07,10354.0,279,23.6,271.4,124.49000000000001,72.57000000000001,,0.7832167832167832
BU03639310,0,0,,,,,0,0,,0.51,0.45,,,,,,,,
BU03639400,2195,880,0.087,0.425,0.257,0.7,250,1465,,0.32,0.31,7173.0,316,76.55999999999999,803.44,374.0,226.16,,0.6674259681093394
BU03639401,3735,1905,0.122,0.507,0.141,0.6,405,2800,24.3,0.43,0.4,9231.0,259,232.41,1672.59,965.835,268.60499999999996,,0.749665327978581
BU03639402,2290,1280,0.244,0.746,0.027000000000000003,0.3,190,1820,,0.17,0.14,16179.0,197,312.32,967.6800000000001,954.88,34.56,,0.7947598253275109
BU03639403,2625,1625,0.233,0.741,0.022000000000000002,0.4,230,1880,18.7,0.22,0.21,12460.0,168,378.625,1246.375,1204.125,35.75000000000001,,0.7161904761904762
BU03639404,1005,465,0.125,0.527,0.102,0.7,85,645,,0.22,0.2,4927.0,219,58.125,406.875,245.055,47.43,,0.6417910447761194
BU03639405,2415,1305,0.22,0.688,0.038,0.3,215,1775,,0.16,0.16,15091.0,177,287.1,1017.9,897.8399999999999,49.589999999999996,,0.7349896480331263
BU03639406,1335,555,0.10300000000000001,0.381,0.201,0.7,105,995,,0.2,0.18,7441.0,299,57.165000000000006,497.835,211.455,111.555,,0.7453183520599251
BU03639407,1460,615,0.126,0.46,0.156,0.7,80,1155,,0.17,0.15,9451.0,261,77.49,537.51,282.90000000000003,95.94,,0.791095890410959
BU03639408,1750,780,0.10300000000000001,0.42,0.135,0.7,140,1375,,0.13,0.12,14567.0,269,80.34,699.66,327.59999999999997,105.30000000000001,,0.7857142857142857
BU03639409,3185,1980,0.086,0.508,0.13,0.6,590,1045,29.1,0.97,0.87,3675.0,222,170.27999999999997,1809.72,1005.84,257.40000000000003,,0.3281004709576138
BU03639410,2180,1205,0.163,0.584,0.105,0.6,270,1240,,0.6,0.49,4413.0,230,196.41500000000002,1008.585,703.7199999999999,126.52499999999999,,0.5688073394495413
BU03639411,330,130,0.033,0.17600000000000002,0.336,0.9,30,225,,0.15,0.14,2410.0,,4.29,125.71,22.880000000000003,43.68,,0.6818181818181818
BU03639412,1775,1035,0.33399999999999996,0.797,0.016,0.3,85,1535,,0.08,0.08,22290.0,134,345.68999999999994,689.3100000000001,824.8950000000001,16.56,,0.8647887323943662
BU03639413,3145,1710,0.207,0.6759999999999999,0.043,0.3,430,2135,18.0,0.26,0.24,13086.0,199,353.96999999999997,1356.03,1155.9599999999998,73.53,,0.6788553259141494
BU03639500,2860,1745,0.071,0.466,0.08800000000000001,0.6,560,975,29.3,0.76,0.69,4141.0,201,123.895,1621.105,813.1700000000001,153.56,,0.3409090909090909
BU03639501,20,10,,,,,0,5,,0.85,0.72,32.0,,,,,,,0.25
BU03639502,35,15,,,,,5,5,,1.34,0.78,46.0,,,,,,,0.14285714285714285
BU03639600,2915,1485,0.23600000000000002,0.722,0.026000000000000002,0.3,190,2115,15.1,0.35,0.35,8322.0,160,350.46000000000004,1134.54,1072.17,38.61000000000001,,0.725557461406518
BU03639601,4305,2045,0.19699999999999998,0.636,0.053,0.4,270,3300,17.2,0.37,0.37,11652.0,196,402.86499999999995,1642.135,1300.6200000000001,108.38499999999999,,0.7665505226480837
BU03639602,2510,1160,0.067,0.345,0.174,0.9,325,1075,,0.67,0.63,4010.0,267,77.72,1082.28,400.2,201.83999999999997,,0.42828685258964144
BU03639603,2035,1035,0.17,0.561,0.078,0.5,240,1280,,0.25,0.24,8532.0,215,175.95000000000002,859.05,580.6350000000001,80.73,,0.628992628992629
BU03639604,1455,910,0.139,0.643,0.049,0.4,190,845,,0.19,0.18,7925.0,186,126.49000000000001,783.51,585.13,44.59,,0.5807560137457045
BU03639605,2460,1300,0.128,0.586,0.099,0.6,235,1545,,0.25,0.25,10026.0,200,166.4,1133.6,761.8,128.70000000000002,,0.6280487804878049
BU03639606,2570,1230,0.11,0.449,0.147,0.7,345,1235,24.5,0.63,0.58,4420.0,250,135.3,1094.7,552.27,180.81,,0.4805447470817121
BU03639700,3010,1665,0.201,0.659,0.05,0.4,340,1905,20.2,0.32,0.31,9874.0,184,334.665,1330.335,1097.2350000000001,83.25,,0.632890365448505
BU03639701,1685,870,0.19399999999999998,0.613,0.053,0.5,160,1230,,0.18,0.17,9658.0,189,168.77999999999997,701.22,533.31,46.11,,0.7299703264094956
BU03639702,3310,1405,0.027000000000000003,0.215,0.294,1.0,455,1125,29.0,0.65,0.64,5210.0,287,37.935,1367.065,302.075,413.07,,0.33987915407854985
BU03639703,3420,1645,0.11900000000000001,0.46299999999999997,0.12300000000000001,0.7,390,1750,23.7,0.77,0.72,4770.0,215,195.75500000000002,1449.245,761.635,202.335,,0.5116959064327485
BU03639800,1485,635,0.051,0.32,0.25,1.1,150,165,,0.35,0.29,5106.0,283,32.385,602.615,203.20000000000002,158.75,,0.1111111111111111
BU03639801,120,35,,,,,15,10,,1.67,1.46,82.0,,,,,,,0.08333333333333333
